{
        "start":
        {
            "description": "Добро пожаловать в игру! Твоя цель найти сокровища в старом заброшенном замке." ,
            "actions": {
                "Начать игру": "start_game"
            }
        },
        "start_game":
        {
            "description": "Ты стоишь на пороге темного замка. Всё выглядит мрачно и пахнет сыростью. У вас есть выбор на какой пойти этаж. Куда пойдёте?",
             "actions":{
                 "Подняться на второй этаж":"second_floor",
                 "Спуститься вниз, в подвал":"ground_floor"
             },
          "media": "media/1loc.jpg"
        },
        "second_floor":
        {
            "description": "Ты поднимаешься наверх и чувствуешь, как сзади тебя падают плиты сверху. Ты видишь перед собой два коридора. В какой пойдёшь?" ,
            "actions": {
                "Налево": "left" ,
                "Направо": "right"
            },
          "media": "media/2loc.jpg"
        },
       "left":
        {
            "description": "Ты не замечаешь дырки в полу и проваливаешься, ты умер((",
            "actions": {"Начать игру заново": "start", "Выйти из игры": "exit"},
          "media": "media/3loc.jpg"

        },
        "right":
        {
            "description": "Пройдя дальше по коридору ты встречаешь полтергейста. Больше тебя никто не видел))",
            "actions": {"Начать игру заново": "start", "Выйти из игры": "exit"},
          "media": "media/4loc.jpg"
        },
        "ground_floor":
        {
            "description": "Лесенки слишком старые и ты с трудом спускаешься в подвал, в котором везде воняет трупами и сыростью. Перед тобой три ржавые двери. В какую пойдешь? ",
            "actions": {"1":"firstdoor", "2": "seconddoor", "3": "thirddoor"},
          "media": "media/5loc.jpg"
        },
        "firstdoor":
        {
            "description": "Дверь с трудом открывается, перед тобой длинный коридор, на стенах которого висят большие паутины. Спустя 5 минут начинается развилка. Куда пойдешь? ",
            "actions": {
              "Прямо": "praymo",
              "Налево": "nalevo",
              "Направо": "napravo"},
          "media": "media/6loc.jpg"
        },
        "seconddoor":
        {
            "description": "Дверь с трудом открвается, ты видишь большую комнату и начинаешь искать клад. Незаметно сзади на тебя набрасывается большой волк. Тебя съели((",
            "actions": {"Начать игру заново": "start", "Выйти из игры": "exit"},
          "media": "media/7loc.jpg"
        },
        "thirddoor":
        {
            "description": "Дверь с трудом открывается и ты видишь перед собой такого же путника как и ты. Вы договариваетесь идти вместе и в случае победы поделить сокровища пополам. Пройдя дальше по коридору вы видите два спуска, ведущие в разные стороны. Куда Пойдёшь?",
            "actions": {"Спуск правее": "vlevo", "Спуск левее": "vpravo"},
          "media": "media/8loc.jpg"
        },
        "praymo":
        {
            "description": "Пройдя 10 минут по широкому коридору ты находишь тупик. Сзади тебя рушится стена, другого выхода нет. Тебе не хватает воздуха и ты умираешь(( ",
            "actions": {"Начать игру заново": "start", "Выйти из игры": "exit"},
          "media": "media/9loc.jpg"
        },
        "nalevo":
        {
            "description": "На тебя нападает большой тарантул, но тебе очень повезло! У тебя в кармане лежал нож и ты смог его зарезать!! Ты начинаешь хотеть есть. Ты видишь перед собой большую бутылку воды. Твои действия?",
            "actions": {"Конечно выпить!": "smert", "Не пить": "nesmert"},
          "media": "media/10loc.jpg"
        },
        "smert":
        {
            "description": "Ты выпил воду и умер!)))",
            "actions": {"Начать игру заново": "start", "Выйти из игры": "exit"}
        },
        "nesmert":
        {
            "description": "Ты продолжаешь путь, несмотря на дикое желание выпить воды. Через несколько минут ты видишь ключ и большой сундук перед собой. И конечно же там наш клад!! Поздравляю!",
            "actions": {"Получить результаты": "win"},
          "media": "media/11loc.jpg"
        },
        "napravo":
        {
            "description": "Ты сильно устал и решил прилечь. Тебя съел тарантул(",
            "actions": {"Начать игру заново": "start", "Выйти из игры": "exit"},
          "media": "media/12loc.jpg"
        },
        "vlevo":
        {
            "description": "Вы находите сокровища, но путник сбегает от тебя с сокровищами( В следующий раз не доверяй кому попало!!",
            "actions": {"Начать игру заново": "start", "Выйти из игры": "exit"},
          "media": "media/13loc.jpg"
        },
        "vpravo":
        {
            "description": "Через пару минут вы находите сокровища! Поздравляю, вы разделили сокровища и каждый остался доволен))",
            "actions": {"Получить результаты": "win"},
          "media": "media/11loc.jpg"
        },
        "win":
        {
            "description": " Поздравляю, вы выиграли!",
            "actions": {"Начать игру заново": "start", "Выйти из игры": "exit"}
        },
        "exit":
        {
            "description": "Ира окончена. Спасибо за игру!",
            "actions": {}
        }

    }

